{
  "teacher": {
    "model_name": "Teacher",
    "accuracy": 0.94103,
    "precision": 0.9644123552783356,
    "recall": 0.9143158022641203,
    "f1": 0.9386961629224579,
    "auc": 0.984488578463955,
    "params": 204230
  },
  "student": {
    "model_name": "Student",
    "accuracy": 0.93785,
    "precision": 0.9638497248968363,
    "recall": 0.9081998420381133,
    "f1": 0.9351976393798158,
    "auc": 0.9836909610263604,
    "params": 234890,
    "avg_time_ms": 0.6257759983418509,
    "throughput": 204546.0361841423,
    "model_size_mb": 0.8960342407226562
  },
  "compression_ratio": 1.1501248592273416
}