{
  "teacher": {
    "model_name": "Teacher",
    "accuracy": 0.94103,
    "precision": 0.9644123552783356,
    "recall": 0.9143158022641203,
    "f1": 0.9386961629224579,
    "auc": 0.984488578463955,
    "params": 204230
  },
  "student": {
    "model_name": "Student",
    "accuracy": 0.93035,
    "precision": 0.9592844457920041,
    "recall": 0.8970210008303124,
    "f1": 0.9271085156928616,
    "auc": 0.9803030984268721,
    "params": 115706,
    "avg_time_ms": 0.520582000608556,
    "throughput": 245878.65091449392,
    "model_size_mb": 0.44138336181640625
  },
  "compression_ratio": 0.5665475199529941
}